<?xml version="1.0" encoding="UTF-8"?>
<MF0 version="1.1" packageUris="http://schema.mathworks.com/mf0/SlCache/19700101">
<<<<<<< .mine
  <slcache.FileAttributes type="slcache.FileAttributes" uuid="f5becb5c-8b9b-4f9c-9465-01e23ae6efa6">
    <checksum>lbDeySktcKoIepjFS3wTNkFCnR5XmbRUb7vgbPMQYO6DeEoQorCi+HbzWMyZSJaXTKQQXl1c/zsf4uFrQ6fkNQ==</checksum>
||||||| .r78
  <slcache.FileAttributes type="slcache.FileAttributes" uuid="b9be02f1-c7c6-4a3c-9162-11d4c009b09d">
    <checksum>F9S3x+nQ8ldxX+Y2u3jPFCpCTTyNwf5Pp01Ocup07tUoMz+Jp7H6y7pQX2VZWRfzqyC1+p5d6fHmXXU/FDrbWg==</checksum>
=======
  <slcache.FileAttributes type="slcache.FileAttributes" uuid="e8c89e1c-18cf-4a0a-bb83-4cd64f773c1b">
    <checksum>NmyfZwNacUF6yEYqfWgr0wfr5dc9xcyV7W3OI9afqGBa3LdbHaWvz7NuBo2Kuy+ou3FOpb5SKlxo/3lzJuEEyg==</checksum>
>>>>>>> .r84
  </slcache.FileAttributes>
</MF0>